<modDesc descVersion="96">
	<author>Fetty42</author>
	<version>1.0.0.0</version>
	<title>
		<en>VIP Order Manager</en>
		<de>VIP Auftrags Manager</de>
		<fr>Gestionnaire De Commandes VIP</fr>
		<ru>Менеджер VIP-заказов</ru>
    </title>
    <description>
        <de><![CDATA[Der VIP Order Manager bietet dem Landwirt VIP Aufträge an, die aus mehreren zu liefernden Produkten bestehen. 
Pro Produkt mit expliziter Vorgabe der zu liefernden Menge und des Zielortes. Zusätzlich zum aktuellen VIP Auftrag kann man auch bereits die nächsten folgenden VIP Aufträge sehen.
Es kann aber nur der aktuelle Auftrag beliefert werden.
Auch Tier-Aufträge werden generiert. Hierbei ist zu beachten, dass die Lieferung automatisch erfolgt. Es wird stündlich überprüft, ob Tiere mit mindestens dem angeforderten Alter existieren und diese mindestens eine Gesundheit von 75% haben.

Mit STRG rechts + O wird der aktuelle Auftrag für einige Sekunden eingeblendet. Mit ALT rechts + O wird die Übersicht über alle VIP Aufträge angezeigt.
In dieser Ansicht kann man auch den aktuellen VIP Auftrag gegen eine Gebühr, für die noch nicht erfüllten Teilaufträge, abbrechen.

Mit jedem VIP Auftrag wird der aktuelle Level erhöht und damit auch die Anzahl der enthaltenen Einzelaufträge und die zu liefernden Mengen erhöht und die Erlöse verringert. 
Auch die im Besitz befindliche Fläche wird bei der Berechnung berücksichtigt. Mit steigendem Level werden auch weitere Produkte berücksichtigt. 

Bereits mit dem LS19 hatte ich angefangen den VIP Order Manager zu entwickeln, um so etwas wie Kampagnen abzubilden. Ich wollte das Spiel etwas interessanter gestalten, 
in dem mir vorgegeben wird, was ich anbauen muss.

Multiplayer wird derzeit nicht unterstützt. 

Ich möchte auch noch all den anderen Moddern danken, aus deren Mods ich mir im Laufe der Zeit viele Anregungen und Lösungsansätze holen konnte.

Für Fehlermeldungen oder Anregungen besucht bitte: https://github.com/Fetty42/FS25_VIPOrderManager/issues oder https://forum.giants-software.com/viewtopic.php?t=208708]]></de>

		<en><![CDATA[The VIP Order Manager offers the farmer VIP orders consisting of several products to be delivered. 
For each product with explicit specification of the quantity to be delivered and the destination. In addition to the current VIP order, the next VIP orders to follow can also be seen.
However, only the current order can be delivered.
Animal orders are also generated. Please note that delivery is automatic. It is checked every hour whether animals exist with the requested age or older and whether they have at least 75% health.

With CTRL right + O the current order is displayed for a few seconds. ALT right + O displays the overview of all VIP Orders.
In this view, you can also cancel the current VIP Order for a fee for the partial orders that have not yet been fulfilled.

With each VIP Order, the current level is increased and thus also the number of individual orders contained and the quantities to be delivered are increased and the revenues are reduced. 
The area owned is also taken into account in the calculation. As the level increases, more products are also taken into account. 

Already with FS19, I had started to develop the VIP Order Manager to represent something like campaigns. I wanted to make the game a little more interesting, 
by telling me what I have to grow.

Multiplayer is currently not supported. 

I would also like to thank all the other modders whose mods have given me many ideas and solutions over the time.

For any error messages or suggestions, please visit: https://github.com/Fetty42/FS25_VIPOrderManager/issues or https://forum.giants-software.com/viewtopic.php?t=208708]]></en>

		<fr><![CDATA[Le VIP Order Manager propose à l'agriculteur des commandes VIP composées de plusieurs produits à livrer. 
Pour chaque produit, la quantité à livrer et le lieu de destination sont explicitement indiqués. En plus de l'ordre VIP actuel, on peut déjà voir les trois prochains ordres VIP.
Mais seule la commande actuelle peut être livrée.
Des commandes d'animaux sont également générées. Il convient de noter que la livraison est automatique. Il est vérifié toutes les heures s'il existe des animaux de l'âge demandé ou plus âgés et si ceux-ci ont une santé d'au moins 75%.

Avec CTRL droite + O, la commande actuelle est affichée pendant quelques secondes. ALT droite + O permet d'afficher la vue d'ensemble de toutes les commandes VIP.
Dans cette vue, il est également possible d'annuler la commande VIP actuelle moyennant une taxe pour les commandes partielles non encore exécutées.

Avec chaque commande VIP, le niveau actuel est augmenté et donc le nombre de commandes individuelles contenues et les quantités à livrer augmentent et les recettes diminuent. 
La surface détenue est également prise en compte dans le calcul. Au fur et à mesure que le niveau augmente, d'autres produits sont également pris en compte. 

Avec LS19, j'avais déjà commencé à développer le VIP Order Manager pour représenter quelque chose comme des campagnes. Je voulais rendre le jeu un peu plus intéressant, 
en me donnant des indications sur ce que je dois cultiver.

Je n'ai pas testé la compatibilité multijoueur.

Je voudrais aussi remercier tous les autres moddeurs, dont les mods m'ont donné beaucoup d'idées et de solutions au fil du temps.

Pour les messages d'erreur ou les suggestions, veuillez visiter : https://github.com/Fetty42/FS25_VIPOrderManager/issues ou https://forum.giants-software.com/viewtopic.php?t=208708]]></fr>

	    	<it><![CDATA[Il VIP Order Manager offre all'agricoltore ordini VIP composti da diversi prodotti da consegnare. 
Per ogni prodotto sono esplicitamente indicati la quantità da consegnare e il luogo di destinazione. Oltre all'ordine VIP corrente, puoi già vedere i successivi tre ordini.
Tuttavia, solo l'ordine corrente può essere consegnato.
Vengono generati anche ordini di animali. Si noti che la consegna è automatica. Il sistema controlla ogni ora se esistono animali di età pari o superiore a quella richiesta e se sono sani almeno al 75%.

Con CTRL destro + O viene visualizzato per alcuni secondi l'ordine corrente. ALT destra + O mostra la panoramica di tutti gli ordini VIP.
In questa visualizzazione, puoi anche annullare l'Ordine VIP in corso pagando una commissione per gli ordini parziali che non sono ancora stati evasi.

Con ogni ordine VIP si aumenta il livello attuale e quindi si aumenta anche il numero dei singoli ordini contenuti e le quantità da consegnare e si riducono i ricavi. 
Nel calcolo si tiene conto anche dell'area di proprietà. All'aumentare del livello, vengono presi in considerazione anche più prodotti. 

Già con FS19, avevo iniziato a sviluppare il VIP Order Manager per rappresentare qualcosa di simile alle campagne. Volevo rendere il gioco un po' più interessante,
dicendomi cosa devo coltivare.

Le multijoueur n'est pas pris en charge pour le moment. 

Vorrei anche ringraziare tutti gli altri modder le cui mod mi hanno dato molte idee e soluzioni nel tempo.

Per eventuali messaggi di errore o suggerimenti, visitare: https://github.com/Fetty42/FS25_VIPOrderManager/issues o https://forum.giants-software.com/viewtopic.php?t=208708]]></it>

		<ru><![CDATA[Менеджер VIP-заказов предлагает фермеру VIP-заказы, состоящие из нескольких продуктов, которые необходимо доставить. 
Для каждой продукции указано количество, которое необходимо доставить, и пункт назначения. В дополнение к активному VIP-заказу, также можно увидеть следующие три VIP-заказа.
Однако доставка будет производится только для текущего заказа.
Также формируются заказы на животных. Обратите внимание, что доставка осуществляется автоматически. Система каждый час проверяет наличие животных требуемого возраста и старше, а также то, что они здоровы не менее чем на 75%.

Нажав CTRL Right + O - в течение нескольких секунд будет отображается текущий заказ. Alt Right + O  - обзор всех VIP-заказов.
Здесь вы также можете отменить текущий VIP-заказ возместив ущерб за часть заказов, которые еще не выполнены.

С каждым VIP-заказом увеличивается текущий уровень, и, следовательно, количество отдельных заказов и объём, который необходимо доставить, а доходы уменьшаются.
В рамках расчета также учитывается площадь полей в собственности. По мере увеличения уровня также учитывается больше продуктов.

Уже с FS19 я начал разрабатывать менеджера VIP-заказов, чтобы представлять что-то вроде кампаний. Я хотел сделать игру немного более интересной, намекая мне, что я должен расти.

Многопользовательская игра в настоящее время не поддерживается. 

Я также хотел бы поблагодарить всех мододелов, чьи моды за это время дали мне много идей и решений.

Для любых сообщений об ошибках или предложениях, пожалуйста, посетите: https://github.com/Fetty42/FS25_VIPOrderManager/issues или https://forum.giants-software.com/viewtopic.php?t=208708]]></ru>
    </description>
	
	<iconFilename>icon_VIPOrderManager.dds</iconFilename>
	<multiplayer supported="false" />
	<extraSourceFiles>
		<sourceFile filename="VIPOrderManager.lua" />
		<sourceFile filename="RegisterPlayerActionEvents.lua" />
	</extraSourceFiles>    
	<actions>
    	<action name="ShowCurrentVIPOrder" category="SYSTEM" />
      	<action name="ShowVIPOrderDlg" category="SYSTEM" />
  	</actions>	
  	<inputBinding>
      	<actionBinding action="ShowCurrentVIPOrder">
        	<binding device="KB_MOUSE_DEFAULT" input="KEY_rctrl KEY_o" />
      	</actionBinding>
      	<actionBinding action="ShowVIPOrderDlg">
        	<binding device="KB_MOUSE_DEFAULT" input="KEY_ralt KEY_o" />
      	</actionBinding>
  	</inputBinding>	
	<l10n>
		<text name="input_ShowCurrentVIPOrder">
			<de>Durchblättern VIP Aufträge</de>
			<en>Flip VIP Orders</en>
			<fr>Inverser les commandes VIP</fr>
			<it>Vedi Ordini VIP correnti</it>
			<ru>Взглянуть VIP-заказы</ru>
		</text>		
		<text name="input_ShowVIPOrderDlg">
			<de>VIP-Auftragsdialog anzeigen</de>
			<en>Shows VIP Orders Dialog</en>
			<fr>Affiche la boîte de dialogue des commandes VIP</fr>
			<it>Mostra la panoramica degli Ordini VIP</it>
			<ru>Обзор VIP-заказов</ru>
		</text>

	<!-- Abort Dlg -->
		<text name="VIPOrderManager_DlgTitel_AbortCurrentVIPOrder">
			<de>Abbruch des aktuellen VIP Auftrag</de>
			<en>Aborting current VIP Orders</en>
			<fr>Annulation des commandes VIP en cours</fr>
			<it>Annulla gli Ordini VIP correnti</it>
			<ru>Отказаться от текущих VIP-заказов</ru>
		</text>
		<text name="VIPOrderManager_DlgMsg_AbortCurrentVIPOrder">
			<de>Du musst eine Abbruchgebühr von %s bezahlen. Für die bereits abgeschlossenen Teilaufträge erhältst du %s.</de>
			<en>You have to pay a aborting fee of %s. For the already completed partial orders you will receive %s.</en>
			<fr>Vous devez payer des frais d'abandon de %s. Pour les commandes partielles déjà terminées, vous recevrez %s.</fr>
			<it>Devi pagare una commissione di %s per l'annullamento. Per gli ordini parziali già consegnati ricevi una somma di %s.</it>
			<ru>За отказ вам необходимо возместить убытки в размере %s. За уже выполненную часть заказов вы получите %s.</ru>
		</text>

	<!-- HUD -->
		<text name="VIPOrderManager_CurrentVIPOrder">
			<de>Aktueller VIP Auftrag</de>
			<en>Current VIP Order</en>
			<fr>Commande VIP en cours</fr>
			<it>Ordine VIP corrente</it>
			<ru>Текущий VIP-заказ</ru>
		</text>
		<text name="VIPOrderManager_NextVIPOrder">
			<de>Nächster VIP Auftrag</de>
			<en>Next VIP Order</en>
			<fr>Prochaine commande VIP</fr>
			<it>Prossimo Ordine VIP</it>
			<ru>Следующий VIP-заказ</ru>
		</text>
		<text name="VIPOrderManager_Payout">
			<de>Auszahlung: %s</de>
			<en>Payout: %s</en>
			<fr>Paiement: %s</fr>
			<it>Pagamento: %s</it>
			<ru>Выплата: %s</ru>
		</text>
		<text name="VIPOrderManager_OrderCompleted">
			<de>Der aktuelle VIP-Auftrag wurde abgeschlossen.</de>
			<en>Current VIP order was completed.</en>
			<fr>La commande VIP actuelle a été complétée.</fr>
			<it>Ordine VIP corrente completato.</it>
			<ru>Текущий VIP-заказ был завершён.</ru>
		</text>
        <text name="VIPOrderManager_Months">
			<de>Monate</de>	
			<en>months</en>
			<fr>Mois</fr>	
			<it>mesi</it>
			<ru>мес.</ru>
		</text>		
        <text name="VIPOrderManager_FreeChoise">
			<de>** Freie Wahl **</de>	
			<en>** Free choice **</en>
			<fr>** Libre choix **</fr>	
			<it>** Scelta libera **</it>
			<ru>** Свободный выбор **</ru>
		</text>		
        <text name="VIPOrderManager_Automatic">
			<de>** Automatisch **</de>	
			<en>** Automatic **</en>
			<fr>** Automatique **</fr>	
			<it>** Automatico **</it>
			<ru>** Автоматический **</ru>
		</text>		
        <text name="VIPOrderManager_Piece">
			<de>Stk.</de>	
			<en>pcs.</en>
			<fr>pcs.</fr>	
			<it>pz.</it>
			<ru>шт.</ru>
		</text>		
        <text name="VIPOrderManager_AnimalsDelivered">
			<de>%s "%s" geliefert für den aktuellen VIP-Auftrag</de>	
			<en>%s "%s" delivered for the current VIP order</en>
			<fr>%s "%s" livrées pour la commande VIP en cours</fr>	
			<it>%s "%s" consegnate per l'ordine VIP in corso</it>
			<ru>%s "%s" доставленных для текущего VIP-заказа</ru>
		</text>		

	<!-- Neuer Dlg -->
        <text name="ui_orderDlg_title">
			<de>Übersicht der VIP-Aufträge</de>
			<en>Overview VIP Orders</en>
			<fr>Aperçu des commandes VIP</fr>
			<it>Panoramica Ordini VIP</it>
			<ru>Обзор VIP-заказов</ru>
		</text>		
        <text name="ui_orderDlg_header_product">
			<de>Produkt</de>	
			<en>Product</en>
			<fr>Produit</fr>
			<it>Prodotto</it>
			<ru>Продукция</ru>
        </text>		
        <text name="ui_orderDlg_header_requested">
			<de>Angefordert</de>	
			<en>Requested</en>
			<fr>Demandé</fr>
			<it>Richiesto</it>
			<ru>Запрошено</ru>
        </text>		
        <text name="ui_orderDlg_header_delivered">
			<de>Geliefert</de>
			<en>Delivered</en>
			<fr>Livré</fr>
			<it>Consegnato</it>
			<ru>Доставлено</ru>
        </text>		
        <text name="ui_orderDlg_header_payout">
			<de>Auszahlung</de>	
			<en>Payout</en>
			<fr>Paiement</fr>
			<it>Pagamento</it>
			<ru>Выплата</ru>
        </text>		
        <text name="ui_orderDlg_header_station">
			<de>Lieferstation</de>	
			<en>Delivery station</en>
			<fr>Poste de livraison</fr>
			<it>Luogo di Consegna</it>
			<ru>Станция доставки</ru>
        </text>		
        <text name="ui_orderDlg_btnClose">
			<de>Schließen</de>	
			<en>Close</en>
			<fr>Fermer</fr>
			<it>Chiuso</it>
			<ru>Закрыть</ru>
		</text>		
        <text name="ui_orderDlg_btnAbort">
			<de>Abbruch des aktuellen VIP Auftrags</de>	
			<en>Abort current VIP Order</en>
			<fr>Annuler la commande VIP en cours</fr>
			<it>Annulla l'Ordine VIP corrente</it>
			<ru>Отказаться от текущего VIP-заказа</ru>
		</text>		
        <text name="ui_orderDlg_btnTagSellPoint">
			<de>Markierung setzen</de>	
			<en>Tag place</en>
			<fr>Mettre un marqueur</fr>
			<it>Impostare il marcatore</it>
			<ru>Установить маркер</ru>
		</text>		
        <text name="ui_orderDlg_btnUntagSellPoint">
			<de>Markierung löschen</de>	
			<en>Untag place</en>
			<fr>Supprimer la marque</fr>
			<it>Cancellare il marcatore</it>
			<ru>Удалить маркер</ru>
		</text>		
        <text name="ui_orderDlg_btnAvailableTypes">
			<de>Verfügbare Lieferprodukte anzeigen</de>	
			<en>Show available delivery products</en>
			<fr>Afficher les produits de livraison disponibles</fr>
			<it>Mostra i prodotti di consegna disponibili</it>
			<ru>Показать доступные товары для доставки</ru>
		</text>		
        <text name="ui_orderDlg_section_active">
			<de>Level %s - Auszahlung: %s (Aktiv)</de>	
			<en>Level %s - Payout: %s (Active)</en>
			<fr>Level %s - Paiement: %s (Actif)</fr>
			<it>Livello %s - Pagamento: %s (Attivo)</it>
			<ru>Уровень %s - Выплата: %s (активный)</ru>
		</text>		
        <text name="ui_orderDlg_section_notactive">
			<de>Level %s - Auszahlung: %s</de>	
			<en>Level %s - Payout: %s</en>
			<fr>Level %s - Paiement: %s</fr>
			<it>Livello %s - Pagamento: %s</it>
			<ru>Уровень %s - Выплата: %s</ru>
		</text>		
        <text name="ui_AvaliableTypesDlg_title">
			<de>Verfügbare Lieferprodukte</de>	
			<en>Available delivery products</en>
			<fr>Produits de livraison disponibles</fr>
			<it>Prodotti di consegna disponibili</it>
			<ru>Доступные товары для доставки</ru>
		</text>		
		<text name="ui_AvaliableTypesDlg_title_title">
			<de>Lieferprodukt</de>	
			<en>Delivery product</en>
			<fr>Produit livré</fr>
			<it>Consegna prodotto</it>
			<ru>Продукт доставки</ru>
		</text>
		<text name="ui_AvaliableTypesDlg_title_minOrderLevel">
			<de>min. Level</de>	
			<en>min. level</en>
			<fr>min. Level</fr>
			<it>min. livello</it>
			<ru>мин. уровень</ru>
		</text>
		<text name="ui_AvaliableTypesDlg_title_probability">
			<de>W'keit</de>	
			<en>Probability</en>
			<fr>Probabilité</fr>
			<it>Probabilità</it>
			<ru>Вероятность</ru>
		</text>
		<text name="ui_AvaliableTypesDlg_title_msg">
			<de>Internere Logik Kommentare</de>
			<en>Internal Logic Comments</en>
			<fr>Commentaires de logique interne</fr>
			<it>Commenti alla logica interna</it>
			<ru>Внутренние комментарии логики</ru>
		</text>
		<text name="ui_AvaliableTypesDlg_title_quantityCorrectionFactor">
			<de>Korr. Menge</de>	
			<en>Corr. Quantity</en>
			<fr>Corr. Quantité</fr>
			<it>Corr. Quantità</it>
			<ru>Корр. Количество</ru>
		</text>
		<text name="ui_AvailableTypesDlg_sectionTitle_notUseable">
			<de>Nicht verwendbar</de>	
			<en>Not Useable</en>
			<fr>Types de remplissage disponibles</fr>
			<it>Tipi di riempimento disponibili</it>
			<ru>Доступные типы наполнения</ru>
		</text>

		<text name="ui_AvailableTypesDlg_sectionTitle_Basic Crops">
			<de>Basis Früchte</de>	
			<en>Basic Crops</en>
			<fr>Récoltes de base</fr>
			<it>Colture di base</it>
			<ru>Основные культуры</ru>
		</text>
		<text name="ui_AvailableTypesDlg_sectionTitle_Productions easy">
			<de>Einfache Produktionen</de>	
			<en>Easy Productions</en>
			<fr>Productions faciles</fr>
			<it>Produzioni Facili</it>
			<ru>Простые производства</ru>

		</text>
		<text name="ui_AvailableTypesDlg_sectionTitle_Windrowed, Silaged, Chopped">
			<de>Schwaden, Silage, Häckselgut</de>	
			<en>Windrowed, Silaged, Chopped</en>
			<fr>Andainé, Ensilé, Haché</fr>
			<it>Andanato, Insilato, Tritato</it>
			<ru>Валок, Силос, Измельчённый</ru>
		</text>
		<text name="ui_AvailableTypesDlg_sectionTitle_Production">
			<de>Produktionen</de>	
			<en>Productions</en>
			<fr>Productions</fr>
			<it>Produzioni</it>
			<ru>Производства</ru>
		</text>
		<text name="ui_AvailableTypesDlg_sectionTitle_Animals">
			<de>Tiere</de>	
			<en>Animals</en>
			<fr>Types de remplissage disponibles</fr>
			<it>Tipi di riempimento disponibili</it>
			<ru>Доступные типы наполнения</ru>
		</text>
	</l10n>
</modDesc>